author_id,review_count,name,role,profile_url,average_rating,rating_count,text_review_count,record_create_timestamp
19790984,20,Avery North,"",https://www.goodreads.com/author/show/19790984.Avery_North,4.01,142,102,2020-02-19 22:07:45.034513
182609,20,Margot Livesey,"",https://www.goodreads.com/author/show/182609.Margot_Livesey,3.58,21877,3821,2020-02-19 22:07:50.829200
17015,20,P.C. Cast,"",https://www.goodreads.com/author/show/17015.P_C_Cast,3.94,2032243,59120,2020-02-19 22:07:52.635293
17168715,34,Alexandra Noir,"",https://www.goodreads.com/author/show/17168715.Alexandra_Noir,4.29,1327,910,2020-02-19 22:07:53.558885
6693411,20,Kim Liggett,"",https://www.goodreads.com/author/show/6693411.Kim_Liggett,4.02,14409,3690,2020-02-19 22:07:54.495637
6477494,20,Annabeth Albert,"",https://www.goodreads.com/author/show/6477494.Annabeth_Albert,3.92,55690,10942,2020-02-19 22:07:56.422673
7350402,20,Amy Poehler,"",https://www.goodreads.com/author/show/7350402.Amy_Poehler,3.84,405092,25738,2020-02-19 22:07:57.326257
3041690,20,Graham Moore,"",https://www.goodreads.com/author/show/3041690.Graham_Moore,4.00,39703,5868,2020-02-19 22:07:58.251914
1552866,20,يحيى الطاهر عبد الله,"",https://www.goodreads.com/author/show/1552866._,3.84,1120,188,2020-02-19 22:08:00.126791
671707,20,Joan Kilby,"",https://www.goodreads.com/author/show/671707.Joan_Kilby,3.75,2061,431,2020-02-19 22:08:01.116620
19790984,20,Avery North,"",https://www.goodreads.com/author/show/19790984.Avery_North,4.01,142,102,2020-02-19 22:08:15.535623
182609,20,Margot Livesey,"",https://www.goodreads.com/author/show/182609.Margot_Livesey,3.58,21877,3821,2020-02-19 22:08:21.214407
17015,20,P.C. Cast,"",https://www.goodreads.com/author/show/17015.P_C_Cast,3.94,2032243,59120,2020-02-19 22:08:23.057484
17168715,34,Alexandra Noir,"",https://www.goodreads.com/author/show/17168715.Alexandra_Noir,4.29,1327,910,2020-02-19 22:08:24.112726
6693411,20,Kim Liggett,"",https://www.goodreads.com/author/show/6693411.Kim_Liggett,4.02,14409,3690,2020-02-19 22:08:24.997073
6477494,20,Annabeth Albert,"",https://www.goodreads.com/author/show/6477494.Annabeth_Albert,3.92,55690,10942,2020-02-19 22:08:26.836913
7350402,20,Amy Poehler,"",https://www.goodreads.com/author/show/7350402.Amy_Poehler,3.84,405092,25738,2020-02-19 22:08:27.742109
3041690,20,Graham Moore,"",https://www.goodreads.com/author/show/3041690.Graham_Moore,4.00,39703,5868,2020-02-19 22:08:28.657619
1552866,20,يحيى الطاهر عبد الله,"",https://www.goodreads.com/author/show/1552866._,3.84,1120,188,2020-02-19 22:08:30.467509
671707,20,Joan Kilby,"",https://www.goodreads.com/author/show/671707.Joan_Kilby,3.75,2061,431,2020-02-19 22:08:31.458287
19790984,20,Avery North,"",https://www.goodreads.com/author/show/19790984.Avery_North,4.01,142,102,2020-02-19 22:08:45.954539
182609,20,Margot Livesey,"",https://www.goodreads.com/author/show/182609.Margot_Livesey,3.58,21877,3821,2020-02-19 22:08:51.602349
17015,20,P.C. Cast,"",https://www.goodreads.com/author/show/17015.P_C_Cast,3.94,2032243,59120,2020-02-19 22:08:53.422574
17168715,34,Alexandra Noir,"",https://www.goodreads.com/author/show/17168715.Alexandra_Noir,4.29,1327,910,2020-02-19 22:08:54.362069
6693411,20,Kim Liggett,"",https://www.goodreads.com/author/show/6693411.Kim_Liggett,4.02,14409,3690,2020-02-19 22:08:55.308387
6477494,20,Annabeth Albert,"",https://www.goodreads.com/author/show/6477494.Annabeth_Albert,3.92,55690,10942,2020-02-19 22:08:57.163548
7350402,20,Amy Poehler,"",https://www.goodreads.com/author/show/7350402.Amy_Poehler,3.84,405092,25738,2020-02-19 22:08:58.067904
3041690,20,Graham Moore,"",https://www.goodreads.com/author/show/3041690.Graham_Moore,4.00,39703,5868,2020-02-19 22:08:58.985525
1552866,20,يحيى الطاهر عبد الله,"",https://www.goodreads.com/author/show/1552866._,3.84,1120,188,2020-02-19 22:09:00.799461
671707,20,Joan Kilby,"",https://www.goodreads.com/author/show/671707.Joan_Kilby,3.75,2061,431,2020-02-19 22:09:02.266057
19790984,20,Avery North,"",https://www.goodreads.com/author/show/19790984.Avery_North,4.01,142,102,2020-02-19 22:09:16.627565
182609,20,Margot Livesey,"",https://www.goodreads.com/author/show/182609.Margot_Livesey,3.58,21877,3821,2020-02-19 22:09:22.199790
17015,20,P.C. Cast,"",https://www.goodreads.com/author/show/17015.P_C_Cast,3.94,2032243,59120,2020-02-19 22:09:24.019611
17168715,34,Alexandra Noir,"",https://www.goodreads.com/author/show/17168715.Alexandra_Noir,4.29,1327,910,2020-02-19 22:09:24.993228
6693411,20,Kim Liggett,"",https://www.goodreads.com/author/show/6693411.Kim_Liggett,4.02,14409,3690,2020-02-19 22:09:25.946175
6477494,20,Annabeth Albert,"",https://www.goodreads.com/author/show/6477494.Annabeth_Albert,3.92,55690,10942,2020-02-19 22:09:27.786993
7350402,20,Amy Poehler,"",https://www.goodreads.com/author/show/7350402.Amy_Poehler,3.84,405092,25738,2020-02-19 22:09:28.764149
3041690,20,Graham Moore,"",https://www.goodreads.com/author/show/3041690.Graham_Moore,4.00,39703,5868,2020-02-19 22:09:29.686130
1552866,20,يحيى الطاهر عبد الله,"",https://www.goodreads.com/author/show/1552866._,3.84,1120,188,2020-02-19 22:09:31.529637
671707,20,Joan Kilby,"",https://www.goodreads.com/author/show/671707.Joan_Kilby,3.75,2061,431,2020-02-19 22:09:32.471134
19790984,20,Avery North,"",https://www.goodreads.com/author/show/19790984.Avery_North,4.01,142,102,2020-02-19 22:09:46.955479
182609,20,Margot Livesey,"",https://www.goodreads.com/author/show/182609.Margot_Livesey,3.58,21877,3821,2020-02-19 22:09:52.554360
17015,20,P.C. Cast,"",https://www.goodreads.com/author/show/17015.P_C_Cast,3.94,2032243,59120,2020-02-19 22:09:54.379499
17168715,34,Alexandra Noir,"",https://www.goodreads.com/author/show/17168715.Alexandra_Noir,4.29,1327,910,2020-02-19 22:09:55.348707
6693411,20,Kim Liggett,"",https://www.goodreads.com/author/show/6693411.Kim_Liggett,4.02,14409,3690,2020-02-19 22:09:56.268122
6477494,20,Annabeth Albert,"",https://www.goodreads.com/author/show/6477494.Annabeth_Albert,3.92,55690,10942,2020-02-19 22:09:58.204241
7350402,20,Amy Poehler,"",https://www.goodreads.com/author/show/7350402.Amy_Poehler,3.84,405092,25738,2020-02-19 22:09:59.191211
3041690,20,Graham Moore,"",https://www.goodreads.com/author/show/3041690.Graham_Moore,4.00,39703,5868,2020-02-19 22:10:00.118284
1552866,20,يحيى الطاهر عبد الله,"",https://www.goodreads.com/author/show/1552866._,3.84,1120,188,2020-02-19 22:10:02.018535
671707,20,Joan Kilby,"",https://www.goodreads.com/author/show/671707.Joan_Kilby,3.75,2061,431,2020-02-19 22:10:02.990791
19790984,20,Avery North,"",https://www.goodreads.com/author/show/19790984.Avery_North,4.01,142,102,2020-02-19 22:10:17.446479
182609,20,Margot Livesey,"",https://www.goodreads.com/author/show/182609.Margot_Livesey,3.58,21877,3821,2020-02-19 22:10:23.059427
17015,20,P.C. Cast,"",https://www.goodreads.com/author/show/17015.P_C_Cast,3.94,2032243,59120,2020-02-19 22:10:24.841923
17168715,34,Alexandra Noir,"",https://www.goodreads.com/author/show/17168715.Alexandra_Noir,4.29,1327,910,2020-02-19 22:10:25.828543
6693411,20,Kim Liggett,"",https://www.goodreads.com/author/show/6693411.Kim_Liggett,4.02,14409,3690,2020-02-19 22:10:26.747821
6477494,20,Annabeth Albert,"",https://www.goodreads.com/author/show/6477494.Annabeth_Albert,3.92,55690,10942,2020-02-19 22:10:28.665334
7350402,20,Amy Poehler,"",https://www.goodreads.com/author/show/7350402.Amy_Poehler,3.84,405092,25738,2020-02-19 22:10:29.627302
3041690,20,Graham Moore,"",https://www.goodreads.com/author/show/3041690.Graham_Moore,4.00,39703,5868,2020-02-19 22:10:30.520175
1552866,20,يحيى الطاهر عبد الله,"",https://www.goodreads.com/author/show/1552866._,3.84,1120,188,2020-02-19 22:10:32.418221
671707,20,Joan Kilby,"",https://www.goodreads.com/author/show/671707.Joan_Kilby,3.75,2061,431,2020-02-19 22:10:33.389217
19790984,20,Avery North,"",https://www.goodreads.com/author/show/19790984.Avery_North,4.01,142,102,2020-02-19 22:10:47.717270
182609,20,Margot Livesey,"",https://www.goodreads.com/author/show/182609.Margot_Livesey,3.58,21877,3821,2020-02-19 22:10:53.544156
17015,20,P.C. Cast,"",https://www.goodreads.com/author/show/17015.P_C_Cast,3.94,2032243,59120,2020-02-19 22:10:55.332028
17168715,34,Alexandra Noir,"",https://www.goodreads.com/author/show/17168715.Alexandra_Noir,4.29,1327,910,2020-02-19 22:10:56.255584
6693411,20,Kim Liggett,"",https://www.goodreads.com/author/show/6693411.Kim_Liggett,4.02,14409,3690,2020-02-19 22:10:57.203074
6477494,20,Annabeth Albert,"",https://www.goodreads.com/author/show/6477494.Annabeth_Albert,3.92,55690,10942,2020-02-19 22:10:59.084303
7350402,20,Amy Poehler,"",https://www.goodreads.com/author/show/7350402.Amy_Poehler,3.84,405092,25738,2020-02-19 22:11:00.025348
3041690,20,Graham Moore,"",https://www.goodreads.com/author/show/3041690.Graham_Moore,4.00,39703,5868,2020-02-19 22:11:00.907447
1552866,20,يحيى الطاهر عبد الله,"",https://www.goodreads.com/author/show/1552866._,3.84,1120,188,2020-02-19 22:11:02.746829
671707,20,Joan Kilby,"",https://www.goodreads.com/author/show/671707.Joan_Kilby,3.75,2061,431,2020-02-19 22:11:03.714444
19790984,20,Avery North,"",https://www.goodreads.com/author/show/19790984.Avery_North,4.01,142,102,2020-02-19 22:11:18.234793
182609,20,Margot Livesey,"",https://www.goodreads.com/author/show/182609.Margot_Livesey,3.58,21877,3821,2020-02-19 22:11:24.253805
17015,20,P.C. Cast,"",https://www.goodreads.com/author/show/17015.P_C_Cast,3.94,2032243,59120,2020-02-19 22:11:26.101403
17168715,34,Alexandra Noir,"",https://www.goodreads.com/author/show/17168715.Alexandra_Noir,4.29,1327,910,2020-02-19 22:11:27.076642
6693411,20,Kim Liggett,"",https://www.goodreads.com/author/show/6693411.Kim_Liggett,4.02,14409,3690,2020-02-19 22:11:28.011135
6477494,20,Annabeth Albert,"",https://www.goodreads.com/author/show/6477494.Annabeth_Albert,3.92,55690,10942,2020-02-19 22:11:29.846347
7350402,20,Amy Poehler,"",https://www.goodreads.com/author/show/7350402.Amy_Poehler,3.84,405092,25738,2020-02-19 22:11:30.760278
3041690,20,Graham Moore,"",https://www.goodreads.com/author/show/3041690.Graham_Moore,4.00,39703,5868,2020-02-19 22:11:31.710861
1552866,20,يحيى الطاهر عبد الله,"",https://www.goodreads.com/author/show/1552866._,3.84,1120,188,2020-02-19 22:11:33.691070
671707,20,Joan Kilby,"",https://www.goodreads.com/author/show/671707.Joan_Kilby,3.75,2061,431,2020-02-19 22:11:34.654477
19790984,20,Avery North,"",https://www.goodreads.com/author/show/19790984.Avery_North,4.01,143,103,2020-02-19 22:11:49.345641
182609,20,Margot Livesey,"",https://www.goodreads.com/author/show/182609.Margot_Livesey,3.58,21877,3821,2020-02-19 22:11:55.010473
17015,20,P.C. Cast,"",https://www.goodreads.com/author/show/17015.P_C_Cast,3.94,2032243,59120,2020-02-19 22:11:56.848488
17168715,34,Alexandra Noir,"",https://www.goodreads.com/author/show/17168715.Alexandra_Noir,4.29,1327,910,2020-02-19 22:11:57.802311
6693411,20,Kim Liggett,"",https://www.goodreads.com/author/show/6693411.Kim_Liggett,4.02,14409,3690,2020-02-19 22:11:58.687448
6477494,20,Annabeth Albert,"",https://www.goodreads.com/author/show/6477494.Annabeth_Albert,3.92,55690,10942,2020-02-19 22:12:00.658897
7350402,20,Amy Poehler,"",https://www.goodreads.com/author/show/7350402.Amy_Poehler,3.84,405092,25738,2020-02-19 22:12:01.615112
3041690,20,Graham Moore,"",https://www.goodreads.com/author/show/3041690.Graham_Moore,4.00,39703,5868,2020-02-19 22:12:02.618472
1552866,20,يحيى الطاهر عبد الله,"",https://www.goodreads.com/author/show/1552866._,3.84,1120,188,2020-02-19 22:12:04.512150
671707,20,Joan Kilby,"",https://www.goodreads.com/author/show/671707.Joan_Kilby,3.75,2061,431,2020-02-19 22:12:05.452703
19790984,20,Avery North,"",https://www.goodreads.com/author/show/19790984.Avery_North,4.01,143,103,2020-02-19 22:12:20.048698
182609,20,Margot Livesey,"",https://www.goodreads.com/author/show/182609.Margot_Livesey,3.58,21877,3821,2020-02-19 22:12:25.643975
17015,20,P.C. Cast,"",https://www.goodreads.com/author/show/17015.P_C_Cast,3.94,2032243,59120,2020-02-19 22:12:27.506668
17168715,34,Alexandra Noir,"",https://www.goodreads.com/author/show/17168715.Alexandra_Noir,4.29,1327,910,2020-02-19 22:12:28.529169
6693411,20,Kim Liggett,"",https://www.goodreads.com/author/show/6693411.Kim_Liggett,4.02,14409,3690,2020-02-19 22:12:29.418806
6477494,20,Annabeth Albert,"",https://www.goodreads.com/author/show/6477494.Annabeth_Albert,3.92,55690,10942,2020-02-19 22:12:31.263869
7350402,20,Amy Poehler,"",https://www.goodreads.com/author/show/7350402.Amy_Poehler,3.84,405092,25738,2020-02-19 22:12:32.423775
3041690,20,Graham Moore,"",https://www.goodreads.com/author/show/3041690.Graham_Moore,4.00,39703,5868,2020-02-19 22:12:33.352166
1552866,20,يحيى الطاهر عبد الله,"",https://www.goodreads.com/author/show/1552866._,3.84,1120,188,2020-02-19 22:12:35.219341
671707,20,Joan Kilby,"",https://www.goodreads.com/author/show/671707.Joan_Kilby,3.75,2061,431,2020-02-19 22:12:36.214865
19790984,20,Avery North,"",https://www.goodreads.com/author/show/19790984.Avery_North,4.01,143,103,2020-02-19 22:12:50.774004
182609,20,Margot Livesey,"",https://www.goodreads.com/author/show/182609.Margot_Livesey,3.58,21877,3821,2020-02-19 22:12:56.209443
17015,20,P.C. Cast,"",https://www.goodreads.com/author/show/17015.P_C_Cast,3.94,2032243,59120,2020-02-19 22:12:58.018665
17168715,34,Alexandra Noir,"",https://www.goodreads.com/author/show/17168715.Alexandra_Noir,4.29,1327,910,2020-02-19 22:12:58.935409
6693411,20,Kim Liggett,"",https://www.goodreads.com/author/show/6693411.Kim_Liggett,4.02,14409,3690,2020-02-19 22:12:59.909476
6477494,20,Annabeth Albert,"",https://www.goodreads.com/author/show/6477494.Annabeth_Albert,3.92,55690,10942,2020-02-19 22:13:01.827034
7350402,20,Amy Poehler,"",https://www.goodreads.com/author/show/7350402.Amy_Poehler,3.84,405092,25738,2020-02-19 22:13:02.805113
3041690,20,Graham Moore,"",https://www.goodreads.com/author/show/3041690.Graham_Moore,4.00,39703,5868,2020-02-19 22:13:03.746226
1552866,20,يحيى الطاهر عبد الله,"",https://www.goodreads.com/author/show/1552866._,3.84,1120,188,2020-02-19 22:13:05.646097
671707,20,Joan Kilby,"",https://www.goodreads.com/author/show/671707.Joan_Kilby,3.75,2061,431,2020-02-19 22:13:06.603727
19790984,20,Avery North,"",https://www.goodreads.com/author/show/19790984.Avery_North,4.01,143,103,2020-02-19 22:13:21.091538
182609,20,Margot Livesey,"",https://www.goodreads.com/author/show/182609.Margot_Livesey,3.58,21877,3821,2020-02-19 22:13:26.754142
17015,20,P.C. Cast,"",https://www.goodreads.com/author/show/17015.P_C_Cast,3.94,2032243,59120,2020-02-19 22:13:28.602596
17168715,34,Alexandra Noir,"",https://www.goodreads.com/author/show/17168715.Alexandra_Noir,4.29,1327,910,2020-02-19 22:13:29.545118
6693411,20,Kim Liggett,"",https://www.goodreads.com/author/show/6693411.Kim_Liggett,4.02,14409,3690,2020-02-19 22:13:30.759799
6477494,20,Annabeth Albert,"",https://www.goodreads.com/author/show/6477494.Annabeth_Albert,3.92,55690,10942,2020-02-19 22:13:32.602398
7350402,20,Amy Poehler,"",https://www.goodreads.com/author/show/7350402.Amy_Poehler,3.84,405092,25738,2020-02-19 22:13:33.571941
3041690,20,Graham Moore,"",https://www.goodreads.com/author/show/3041690.Graham_Moore,4.00,39703,5868,2020-02-19 22:13:34.467968
1552866,20,يحيى الطاهر عبد الله,"",https://www.goodreads.com/author/show/1552866._,3.84,1120,188,2020-02-19 22:13:36.364895
671707,20,Joan Kilby,"",https://www.goodreads.com/author/show/671707.Joan_Kilby,3.75,2061,431,2020-02-19 22:13:37.315104
19790984,20,Avery North,"",https://www.goodreads.com/author/show/19790984.Avery_North,4.01,143,103,2020-02-19 22:13:51.804359
182609,20,Margot Livesey,"",https://www.goodreads.com/author/show/182609.Margot_Livesey,3.58,21877,3821,2020-02-19 22:13:57.313030
17015,20,P.C. Cast,"",https://www.goodreads.com/author/show/17015.P_C_Cast,3.94,2032243,59120,2020-02-19 22:13:59.119920
17168715,34,Alexandra Noir,"",https://www.goodreads.com/author/show/17168715.Alexandra_Noir,4.29,1327,910,2020-02-19 22:14:00.077323
6693411,20,Kim Liggett,"",https://www.goodreads.com/author/show/6693411.Kim_Liggett,4.02,14409,3690,2020-02-19 22:14:00.998617
6477494,20,Annabeth Albert,"",https://www.goodreads.com/author/show/6477494.Annabeth_Albert,3.92,55690,10942,2020-02-19 22:14:02.874229
7350402,20,Amy Poehler,"",https://www.goodreads.com/author/show/7350402.Amy_Poehler,3.84,405092,25738,2020-02-19 22:14:03.810424
3041690,20,Graham Moore,"",https://www.goodreads.com/author/show/3041690.Graham_Moore,4.00,39703,5868,2020-02-19 22:14:04.761270
1552866,20,يحيى الطاهر عبد الله,"",https://www.goodreads.com/author/show/1552866._,3.84,1120,188,2020-02-19 22:14:06.593794
671707,20,Joan Kilby,"",https://www.goodreads.com/author/show/671707.Joan_Kilby,3.75,2061,431,2020-02-19 22:14:07.512304
19790984,20,Avery North,"",https://www.goodreads.com/author/show/19790984.Avery_North,4.01,143,103,2020-02-19 22:14:21.678375
182609,20,Margot Livesey,"",https://www.goodreads.com/author/show/182609.Margot_Livesey,3.58,21877,3821,2020-02-19 22:14:27.404615
17015,20,P.C. Cast,"",https://www.goodreads.com/author/show/17015.P_C_Cast,3.94,2032243,59120,2020-02-19 22:14:29.224172
17168715,34,Alexandra Noir,"",https://www.goodreads.com/author/show/17168715.Alexandra_Noir,4.29,1327,910,2020-02-19 22:14:30.179931
6693411,20,Kim Liggett,"",https://www.goodreads.com/author/show/6693411.Kim_Liggett,4.02,14409,3690,2020-02-19 22:14:31.069282
6477494,20,Annabeth Albert,"",https://www.goodreads.com/author/show/6477494.Annabeth_Albert,3.92,55690,10942,2020-02-19 22:14:33.012404
7350402,20,Amy Poehler,"",https://www.goodreads.com/author/show/7350402.Amy_Poehler,3.84,405099,25739,2020-02-19 22:14:33.993378
3041690,20,Graham Moore,"",https://www.goodreads.com/author/show/3041690.Graham_Moore,4.00,39709,5869,2020-02-19 22:14:34.973499
1552866,20,يحيى الطاهر عبد الله,"",https://www.goodreads.com/author/show/1552866._,3.84,1120,188,2020-02-19 22:14:36.814552
671707,20,Joan Kilby,"",https://www.goodreads.com/author/show/671707.Joan_Kilby,3.75,2061,431,2020-02-19 22:14:37.766952
19790984,20,Avery North,"",https://www.goodreads.com/author/show/19790984.Avery_North,4.01,143,103,2020-02-19 22:14:52.182927
182609,20,Margot Livesey,"",https://www.goodreads.com/author/show/182609.Margot_Livesey,3.58,21877,3821,2020-02-19 22:14:57.785693
17015,20,P.C. Cast,"",https://www.goodreads.com/author/show/17015.P_C_Cast,3.94,2032243,59120,2020-02-19 22:14:59.628482
17168715,34,Alexandra Noir,"",https://www.goodreads.com/author/show/17168715.Alexandra_Noir,4.29,1327,910,2020-02-19 22:15:00.539550
6693411,20,Kim Liggett,"",https://www.goodreads.com/author/show/6693411.Kim_Liggett,4.02,14409,3690,2020-02-19 22:15:01.402807
6477494,20,Annabeth Albert,"",https://www.goodreads.com/author/show/6477494.Annabeth_Albert,3.92,55690,10942,2020-02-19 22:15:03.311203
7350402,20,Amy Poehler,"",https://www.goodreads.com/author/show/7350402.Amy_Poehler,3.84,405099,25739,2020-02-19 22:15:04.284486
3041690,20,Graham Moore,"",https://www.goodreads.com/author/show/3041690.Graham_Moore,4.00,39709,5869,2020-02-19 22:15:05.252491
1552866,20,يحيى الطاهر عبد الله,"",https://www.goodreads.com/author/show/1552866._,3.84,1120,188,2020-02-19 22:15:07.088305
671707,20,Joan Kilby,"",https://www.goodreads.com/author/show/671707.Joan_Kilby,3.75,2061,431,2020-02-19 22:15:08.028460
19790984,20,Avery North,"",https://www.goodreads.com/author/show/19790984.Avery_North,4.01,143,103,2020-02-19 22:15:22.623943
182609,20,Margot Livesey,"",https://www.goodreads.com/author/show/182609.Margot_Livesey,3.58,21877,3821,2020-02-19 22:15:28.317225
17015,20,P.C. Cast,"",https://www.goodreads.com/author/show/17015.P_C_Cast,3.94,2032243,59120,2020-02-19 22:15:30.176515
17168715,34,Alexandra Noir,"",https://www.goodreads.com/author/show/17168715.Alexandra_Noir,4.29,1327,910,2020-02-19 22:15:31.168090
6693411,20,Kim Liggett,"",https://www.goodreads.com/author/show/6693411.Kim_Liggett,4.02,14409,3690,2020-02-19 22:15:32.073369
6477494,20,Annabeth Albert,"",https://www.goodreads.com/author/show/6477494.Annabeth_Albert,3.92,55690,10942,2020-02-19 22:15:33.947694
7350402,20,Amy Poehler,"",https://www.goodreads.com/author/show/7350402.Amy_Poehler,3.84,405099,25739,2020-02-19 22:15:34.894616
3041690,20,Graham Moore,"",https://www.goodreads.com/author/show/3041690.Graham_Moore,4.00,39709,5869,2020-02-19 22:15:35.850738
1552866,20,يحيى الطاهر عبد الله,"",https://www.goodreads.com/author/show/1552866._,3.84,1120,188,2020-02-19 22:15:37.673824
671707,20,Joan Kilby,"",https://www.goodreads.com/author/show/671707.Joan_Kilby,3.75,2061,431,2020-02-19 22:15:38.675381
19790984,20,Avery North,"",https://www.goodreads.com/author/show/19790984.Avery_North,4.01,143,103,2020-02-19 22:15:53.053422
182609,20,Margot Livesey,"",https://www.goodreads.com/author/show/182609.Margot_Livesey,3.58,21877,3821,2020-02-19 22:15:58.704219
17015,20,P.C. Cast,"",https://www.goodreads.com/author/show/17015.P_C_Cast,3.94,2032243,59120,2020-02-19 22:16:00.491045
17168715,34,Alexandra Noir,"",https://www.goodreads.com/author/show/17168715.Alexandra_Noir,4.29,1327,910,2020-02-19 22:16:01.423471
6693411,20,Kim Liggett,"",https://www.goodreads.com/author/show/6693411.Kim_Liggett,4.02,14415,3691,2020-02-19 22:16:02.356938
6477494,20,Annabeth Albert,"",https://www.goodreads.com/author/show/6477494.Annabeth_Albert,3.92,55690,10942,2020-02-19 22:16:04.222896
7350402,20,Amy Poehler,"",https://www.goodreads.com/author/show/7350402.Amy_Poehler,3.84,405099,25739,2020-02-19 22:16:05.168834
3041690,20,Graham Moore,"",https://www.goodreads.com/author/show/3041690.Graham_Moore,4.00,39709,5869,2020-02-19 22:16:06.071844
1552866,20,يحيى الطاهر عبد الله,"",https://www.goodreads.com/author/show/1552866._,3.84,1120,188,2020-02-19 22:16:07.939669
671707,20,Joan Kilby,"",https://www.goodreads.com/author/show/671707.Joan_Kilby,3.75,2061,431,2020-02-19 22:16:08.863175
19790984,20,Avery North,"",https://www.goodreads.com/author/show/19790984.Avery_North,4.01,143,103,2020-02-19 22:16:23.120348
182609,20,Margot Livesey,"",https://www.goodreads.com/author/show/182609.Margot_Livesey,3.58,21877,3821,2020-02-19 22:16:28.632815
17015,20,P.C. Cast,"",https://www.goodreads.com/author/show/17015.P_C_Cast,3.94,2032243,59120,2020-02-19 22:16:30.537281
17168715,34,Alexandra Noir,"",https://www.goodreads.com/author/show/17168715.Alexandra_Noir,4.29,1327,910,2020-02-19 22:16:31.440587
6693411,20,Kim Liggett,"",https://www.goodreads.com/author/show/6693411.Kim_Liggett,4.02,14415,3691,2020-02-19 22:16:32.352879
6477494,20,Annabeth Albert,"",https://www.goodreads.com/author/show/6477494.Annabeth_Albert,3.92,55690,10942,2020-02-19 22:16:34.226973
7350402,20,Amy Poehler,"",https://www.goodreads.com/author/show/7350402.Amy_Poehler,3.84,405099,25739,2020-02-19 22:16:35.202222
3041690,20,Graham Moore,"",https://www.goodreads.com/author/show/3041690.Graham_Moore,4.00,39709,5869,2020-02-19 22:16:36.136170
1552866,20,يحيى الطاهر عبد الله,"",https://www.goodreads.com/author/show/1552866._,3.84,1120,188,2020-02-19 22:16:37.960320
671707,20,Joan Kilby,"",https://www.goodreads.com/author/show/671707.Joan_Kilby,3.75,2061,431,2020-02-19 22:16:38.854256
19790984,20,Avery North,"",https://www.goodreads.com/author/show/19790984.Avery_North,4.01,143,103,2020-02-19 22:16:53.313812
182609,20,Margot Livesey,"",https://www.goodreads.com/author/show/182609.Margot_Livesey,3.58,21877,3821,2020-02-19 22:16:58.908183
17015,20,P.C. Cast,"",https://www.goodreads.com/author/show/17015.P_C_Cast,3.94,2032243,59120,2020-02-19 22:17:00.829912
17168715,34,Alexandra Noir,"",https://www.goodreads.com/author/show/17168715.Alexandra_Noir,4.29,1327,910,2020-02-19 22:17:01.768551
6693411,20,Kim Liggett,"",https://www.goodreads.com/author/show/6693411.Kim_Liggett,4.02,14415,3691,2020-02-19 22:17:02.705909
6477494,20,Annabeth Albert,"",https://www.goodreads.com/author/show/6477494.Annabeth_Albert,3.92,55690,10942,2020-02-19 22:17:04.664207
7350402,20,Amy Poehler,"",https://www.goodreads.com/author/show/7350402.Amy_Poehler,3.84,405099,25739,2020-02-19 22:17:05.622218
3041690,20,Graham Moore,"",https://www.goodreads.com/author/show/3041690.Graham_Moore,4.00,39709,5869,2020-02-19 22:17:06.550069
1552866,20,يحيى الطاهر عبد الله,"",https://www.goodreads.com/author/show/1552866._,3.84,1120,188,2020-02-19 22:17:08.381201
671707,20,Joan Kilby,"",https://www.goodreads.com/author/show/671707.Joan_Kilby,3.75,2061,431,2020-02-19 22:17:09.317215
19790984,20,Avery North,"",https://www.goodreads.com/author/show/19790984.Avery_North,4.01,143,103,2020-02-19 22:17:23.930293
182609,20,Margot Livesey,"",https://www.goodreads.com/author/show/182609.Margot_Livesey,3.58,21877,3821,2020-02-19 22:17:29.490408
17015,20,P.C. Cast,"",https://www.goodreads.com/author/show/17015.P_C_Cast,3.94,2032243,59120,2020-02-19 22:17:31.360760
17168715,34,Alexandra Noir,"",https://www.goodreads.com/author/show/17168715.Alexandra_Noir,4.29,1327,910,2020-02-19 22:17:32.326690
6693411,20,Kim Liggett,"",https://www.goodreads.com/author/show/6693411.Kim_Liggett,4.02,14415,3691,2020-02-19 22:17:33.279791
6477494,20,Annabeth Albert,"",https://www.goodreads.com/author/show/6477494.Annabeth_Albert,3.92,55690,10942,2020-02-19 22:17:35.210055
7350402,20,Amy Poehler,"",https://www.goodreads.com/author/show/7350402.Amy_Poehler,3.84,405099,25739,2020-02-19 22:17:36.170754
3041690,20,Graham Moore,"",https://www.goodreads.com/author/show/3041690.Graham_Moore,4.00,39709,5869,2020-02-19 22:17:37.109870
1552866,20,يحيى الطاهر عبد الله,"",https://www.goodreads.com/author/show/1552866._,3.84,1120,188,2020-02-19 22:17:39.012773
671707,20,Joan Kilby,"",https://www.goodreads.com/author/show/671707.Joan_Kilby,3.75,2061,431,2020-02-19 22:17:39.962253
17168715,34,Alexandra Noir,"",https://www.goodreads.com/author/show/17168715.Alexandra_Noir,4.29,1327,910,2020-02-19 22:17:54.344076
17168715,34,Alexandra Noir,"",https://www.goodreads.com/author/show/17168715.Alexandra_Noir,4.29,1327,910,2020-02-19 22:18:25.372219
17168715,34,Alexandra Noir,"",https://www.goodreads.com/author/show/17168715.Alexandra_Noir,4.29,1327,910,2020-02-19 22:18:56.439600
17168715,34,Alexandra Noir,"",https://www.goodreads.com/author/show/17168715.Alexandra_Noir,4.29,1327,910,2020-02-19 22:19:29.556261
17168715,34,Alexandra Noir,"",https://www.goodreads.com/author/show/17168715.Alexandra_Noir,4.29,1327,910,2020-02-19 22:20:00.418280
17168715,34,Alexandra Noir,"",https://www.goodreads.com/author/show/17168715.Alexandra_Noir,4.29,1327,910,2020-02-19 22:20:30.932946
17168715,34,Alexandra Noir,"",https://www.goodreads.com/author/show/17168715.Alexandra_Noir,4.29,1327,910,2020-02-19 22:21:01.168588
17168715,34,Alexandra Noir,"",https://www.goodreads.com/author/show/17168715.Alexandra_Noir,4.29,1327,910,2020-02-19 22:21:31.784844
17168715,34,Alexandra Noir,"",https://www.goodreads.com/author/show/17168715.Alexandra_Noir,4.29,1327,910,2020-02-19 22:22:02.371325
17168715,34,Alexandra Noir,"",https://www.goodreads.com/author/show/17168715.Alexandra_Noir,4.29,1327,910,2020-02-19 22:22:33.317080
17168715,34,Alexandra Noir,"",https://www.goodreads.com/author/show/17168715.Alexandra_Noir,4.29,1327,910,2020-02-19 22:23:03.885143
17168715,34,Alexandra Noir,"",https://www.goodreads.com/author/show/17168715.Alexandra_Noir,4.29,1327,910,2020-02-19 22:23:34.914411
17168715,34,Alexandra Noir,"",https://www.goodreads.com/author/show/17168715.Alexandra_Noir,4.29,1327,910,2020-02-19 22:24:05.346810
17168715,34,Alexandra Noir,"",https://www.goodreads.com/author/show/17168715.Alexandra_Noir,4.29,1327,910,2020-02-19 22:24:36.283882
17168715,34,Alexandra Noir,"",https://www.goodreads.com/author/show/17168715.Alexandra_Noir,4.29,1327,910,2020-02-19 22:25:06.893117
17168715,34,Alexandra Noir,"",https://www.goodreads.com/author/show/17168715.Alexandra_Noir,4.29,1327,910,2020-02-19 22:25:37.981927
17168715,34,Alexandra Noir,"",https://www.goodreads.com/author/show/17168715.Alexandra_Noir,4.29,1327,910,2020-02-19 22:26:09.056567
17168715,34,Alexandra Noir,"",https://www.goodreads.com/author/show/17168715.Alexandra_Noir,4.29,1327,910,2020-02-19 22:26:39.781710
17168715,34,Alexandra Noir,"",https://www.goodreads.com/author/show/17168715.Alexandra_Noir,4.29,1327,910,2020-02-19 22:27:12.161077
